,week_start,region,avg_temp,google_trend_score,marketing_spend,store_visits,holiday_flag,sales,quarter
0,2/1/2022,North,16.14835858,77.73149609,59.47721667,171.2879432,0,524.6980942,2022Q1
1,9/1/2022,North,13.4982033,56.72154481,42.96159719,129.7138099,0,478.0797022,2022Q1
2,16-01-2022,North,20.15555279,63.5831063,41.75680844,138.3807823,1,506.2849176,2022Q1
3,23-01-2022,North,18.85293018,47.8550546,83.28566803,140.2178332,1,512.270721,2022Q1
4,30-01-2022,North,16.32414004,98.69156907,14.11283941,168.9597066,0,517.4032326,2022Q1
5,6/2/2022,North,14.55132595,84.23264287,87.29765919,154.0532892,0,531.889504,2022Q1
6,13-02-2022,North,23.96278979,59.43319824,29.07244051,130.2343374,0,472.5988151,2022Q1
7,20-02-2022,North,12.69272514,72.5904056,63.96908283,160.2769125,0,479.9309324,2022Q1
8,27-02-2022,North,21.84440228,94.62656674,67.44616466,162.0913684,0,540.218577,2022Q1
9,6/3/2022,North,12.66490578,41.86484842,31.51891748,136.7807843,0,447.7318535,2022Q1
10,13-03-2022,North,24.88908181,72.60403095,72.5958527,154.4380185,1,535.3032075,2022Q1
11,20-03-2022,North,19.21608526,92.03411928,37.23145148,167.7134309,0,564.1994491,2022Q1
12,27-03-2022,North,5.689038847,86.04221329,41.25183192,163.0345958,0,489.5357268,2022Q1
13,3/4/2022,North,13.2410963,72.25733617,57.73157497,187.1779064,0,505.0612202,2022Q2
14,10/4/2022,North,22.08355314,54.57826344,31.55515948,136.4552184,1,528.9512347,2022Q2
15,17-04-2022,North,25.76613154,74.39588868,77.64202585,143.5715193,0,539.1509845,2022Q2
16,24-04-2022,North,17.09664756,49.01888678,52.4685516,146.264942,0,502.2393373,2022Q2
17,1/5/2022,North,18.20964754,82.74881806,32.62807574,134.8454499,0,502.4394964,2022Q2
18,8/5/2022,North,33.6158093,67.69995314,40.09009415,129.6076831,0,526.6632464,2022Q2
19,15-05-2022,North,9.790381553,60.0589253,54.55565135,128.2503377,0,457.5728086,2022Q2
20,22-05-2022,North,14.69171016,76.86123473,55.34366557,154.6728855,0,530.0589018,2022Q2
21,29-05-2022,North,10.01464781,75.07033988,95.17207141,186.0451057,0,494.5757213,2022Q2
22,5/6/2022,North,18.49972862,59.66208684,69.203894,134.3857818,0,502.5018746,2022Q2
23,12/6/2022,North,21.51855708,77.68635599,64.4158227,152.1478345,0,516.1471141,2022Q2
24,19-06-2022,North,17.08480546,82.86254877,66.75572224,140.5103426,1,514.0218735,2022Q2
25,26-06-2022,North,18.11046362,67.84806656,63.54544232,165.3672322,0,523.3418303,2022Q2
26,3/7/2022,North,14.13693026,80.15779098,87.44638235,163.5137811,0,500.8698851,2022Q3
27,10/7/2022,North,20.83284944,85.00728412,51.84305044,143.8512935,0,517.2837221,2022Q3
28,17-07-2022,North,20.7609826,71.58645471,66.02017767,145.5964261,1,541.9663447,2022Q3
29,24-07-2022,North,32.520157,78.50341106,43.16394245,145.73963,0,514.0427026,2022Q3
30,31-07-2022,North,19.96600139,64.25015041,36.10223108,122.6580611,0,481.0594049,2022Q3
31,7/8/2022,North,27.73449753,79.51360444,105.5412568,141.0865012,0,571.8258124,2022Q3
32,14-08-2022,North,19.91989587,76.20031131,40.55080233,159.292744,0,544.9980511,2022Q3
33,21-08-2022,North,28.20420233,64.40321216,52.5868338,184.4780435,0,555.6824466,2022Q3
34,28-08-2022,North,7.517242565,66.35298309,48.31462907,150.4380469,1,491.4394668,2022Q3
35,4/9/2022,North,6.390392844,75.04598146,42.15803596,142.6927433,0,468.0728859,2022Q3
36,11/9/2022,North,19.221572,43.76395849,13.82176761,100.3209135,1,473.5095581,2022Q3
37,18-09-2022,North,12.43859391,50.41453669,25.27534496,114.8798393,1,441.92434,2022Q3
38,25-09-2022,North,22.93047628,59.07731126,4.035151879,137.3614422,0,507.7965045,2022Q3
39,2/10/2022,North,9.948694264,52.25101568,49.89991308,133.6258462,0,455.1221647,2022Q4
40,9/10/2022,North,9.076100493,100,16.0702765,171.234762,0,503.4753412,2022Q4
41,16-10-2022,North,24.16950556,40.1269332,48.81109916,121.7064048,1,508.7589405,2022Q4
42,23-10-2022,North,28.47279043,67.73146052,33.15940639,121.1293698,0,520.5081294,2022Q4
43,30-10-2022,North,16.596479,93.89472691,32.46660776,142.450302,0,509.1961981,2022Q4
44,6/11/2022,North,32.46903754,59.83876498,10.79358774,126.9311641,0,513.233484,2022Q4
45,13-11-2022,North,35.71364624,58.18597134,80.98738076,127.5368643,0,522.9070412,2022Q4
46,20-11-2022,North,15.23996966,66.04891233,37.75567591,131.5159526,1,503.1301036,2022Q4
47,27-11-2022,North,24.19927644,62.78127799,2.443472452,125.5786215,1,505.4332659,2022Q4
48,4/12/2022,North,17.72923187,77.86913501,109.093435,162.0157073,0,549.7354133,2022Q4
49,11/12/2022,North,21.03727212,87.58653674,57.08195135,166.4462438,0,572.6631055,2022Q4
50,18-12-2022,North,23.3685241,77.00585759,70.34719173,159.2757193,0,534.4176531,2022Q4
51,25-12-2022,North,13.92341042,61.82443577,23.44698717,137.256109,0,472.4415497,2022Q4
52,1/1/2023,North,11.91138863,93.55165933,27.50096524,171.5048284,0,545.8473984,2023Q1
53,8/1/2023,North,19.71940404,77.94153267,47.52753205,147.1250932,1,518.7440437,2023Q1
54,15-01-2023,North,4.482672619,90.84349508,89.8016346,188.7023299,0,513.8980275,2023Q1
55,22-01-2023,North,16.16593562,85.65513468,58.12561963,131.4417145,0,517.6265018,2023Q1
56,29-01-2023,North,13.96169415,81.85890984,67.30428047,120.5779308,0,476.6774756,2023Q1
57,5/2/2023,North,14.10085432,75.88062835,53.19014252,145.5752692,0,534.122558,2023Q1
58,12/2/2023,North,27.86479247,100,49.77944922,163.695608,1,604.5810148,2023Q1
59,19-02-2023,North,22.83208027,71.3510888,59.1397162,143.6272216,0,544.8848723,2023Q1
60,26-02-2023,North,26.20341376,66.49445231,59.11684981,127.4286839,0,541.165587,2023Q1
61,5/3/2023,North,21.66239676,65.23946822,68.02338619,149.0175965,0,536.4874361,2023Q1
62,12/3/2023,North,18.85294316,97.91167081,88.91520472,153.5468587,0,539.47115,2023Q1
63,19-03-2023,North,6.86954953,61.38697827,29.86993167,160.5198413,0,478.0137606,2023Q1
64,26-03-2023,North,23.88284956,80.99760047,37.84265297,159.4909084,0,526.8408731,2023Q1
65,2/4/2023,North,19.68325263,31.53487028,82.85451767,103.8871304,0,482.0639745,2023Q2
66,9/4/2023,North,25.90501816,54.00517783,45.89081989,121.6740871,1,499.0649413,2023Q2
67,16-04-2023,North,30.6808097,75.50364126,63.89935543,137.3982649,0,544.706698,2023Q2
68,23-04-2023,North,23.2390702,54.3872477,32.30115133,125.2775486,0,477.6719743,2023Q2
69,30-04-2023,North,14.60156177,62.57659859,57.8649692,133.18146,0,465.8070198,2023Q2
70,7/5/2023,North,15.4759035,63.94667565,91.92353795,124.4033158,1,485.8878088,2023Q2
71,14-05-2023,North,21.32709444,90.99394972,48.536547,160.313513,0,543.2874944,2023Q2
72,21-05-2023,North,15.68949909,91.54275202,61.80456482,176.6200022,0,544.2909232,2023Q2
73,28-05-2023,North,33.38070725,74.79306368,59.5462087,173.2479177,0,565.1959599,2023Q2
74,4/6/2023,North,10.54494633,60.44146702,41.51665269,126.8378606,0,472.8595381,2023Q2
75,11/6/2023,North,18.19468485,20,48.18078763,111.8674737,1,471.3644081,2023Q2
76,18-06-2023,North,22.8959896,90.13132756,0.217396449,135.2828638,0,537.7440279,2023Q2
77,25-06-2023,North,23.67648199,73.50198695,67.25841191,151.013739,0,541.1206959,2023Q2
78,2/7/2023,North,13.91992644,71.7461647,57.20338004,173.092749,0,510.9154739,2023Q3
79,9/7/2023,North,23.74366503,98.58860855,53.34667962,157.0435863,1,582.9227736,2023Q3
80,16-07-2023,North,20.89628748,62.77992476,24.64574523,127.2852684,0,503.2255717,2023Q3
81,23-07-2023,North,5.562320283,100,24.41685513,179.0602625,0,493.3478154,2023Q3
82,30-07-2023,North,14.7328731,95.10622239,46.22682164,172.9037057,1,517.1185248,2023Q3
83,6/8/2023,North,23.52874802,62.45143772,65.22560839,140.7329434,0,521.3300898,2023Q3
84,13-08-2023,North,4.979002681,77.69411876,18.99898059,125.2419801,0,486.8767818,2023Q3
85,20-08-2023,North,18.6194483,51.60920494,43.34819786,137.1461684,0,491.2577843,2023Q3
86,27-08-2023,North,19.75362143,70.84838424,45.61196895,168.5032768,0,531.8780853,2023Q3
87,3/9/2023,North,14.50841674,77.07740487,54.16674088,131.8255241,0,474.4635846,2023Q3
88,10/9/2023,North,14.60239422,78.64261899,64.4418332,155.5597185,0,492.4260983,2023Q3
89,17-09-2023,North,21.44682624,64.75324359,-1.923408597,152.1384223,0,484.0204062,2023Q3
90,24-09-2023,North,30.93969496,78.33460359,81.76245587,176.3833454,0,551.7228639,2023Q3
91,1/10/2023,North,12.04894152,73.38995911,56.79494876,147.8855577,0,473.2701448,2023Q4
92,8/10/2023,North,15.68036714,51.11736938,63.84893141,137.7088445,0,499.9063617,2023Q4
93,15-10-2023,North,21.01642842,96.92746835,38.8004289,164.7189219,0,559.0681222,2023Q4
94,22-10-2023,North,28.69379419,68.71355246,22.45597857,148.4273267,0,561.7073864,2023Q4
95,29-10-2023,North,21.86168689,66.79791045,43.91559899,153.645858,0,521.1829702,2023Q4
96,5/11/2023,North,7.892939349,88.62570939,83.11104138,131.7609736,0,506.7924258,2023Q4
97,12/11/2023,North,12.9116735,100,30.42660296,152.8872137,1,523.6996093,2023Q4
98,19-11-2023,North,16.08180618,92.57537672,33.20065432,134.3002115,1,525.1055735,2023Q4
99,26-11-2023,North,23.48104244,81.44270936,57.07868651,145.5006064,0,544.3518565,2023Q4
100,3/12/2023,North,25.19655441,73.65184766,61.75768307,123.5683031,0,553.4082677,2023Q4
101,10/12/2023,North,17.21138627,73.75285738,62.56865712,114.4948844,0,521.3165323,2023Q4
102,17-12-2023,North,11.52649189,45.79884017,32.66468558,130.2561467,0,423.810108,2023Q4
103,24-12-2023,North,30.02737342,88.2208309,31.17736031,137.1177041,1,563.0956792,2023Q4
104,31-12-2023,North,31.94077402,69.51504624,66.56306981,163.2185615,0,548.0860458,2023Q4
105,7/1/2024,North,17.02275136,69.22361523,88.0242282,146.1225323,0,521.8236157,2024Q1
106,14-01-2024,North,14.54401663,37.05228099,53.49627417,166.8107335,0,446.134155,2024Q1
107,21-01-2024,North,17.30123232,89.95657845,93.532393,174.456246,1,579.670717,2024Q1
108,28-01-2024,North,19.21619236,74.89635048,46.50834704,124.966784,0,517.4303384,2024Q1
109,4/2/2024,North,21.48859034,83.01773555,36.95036712,135.7660658,1,529.9172556,2024Q1
110,11/2/2024,North,28.43479453,80.08637528,44.03379367,146.0979091,0,538.2212932,2024Q1
111,18-02-2024,North,16.5322753,76.28259121,49.69934365,129.5569984,0,485.8208638,2024Q1
112,25-02-2024,North,8.916152953,91.23224204,42.29977949,163.9877054,0,492.6894183,2024Q1
113,3/3/2024,North,21.72272578,85.77675201,53.90720524,152.6876567,0,550.4168293,2024Q1
114,10/3/2024,North,21.12947258,81.63208859,68.78392453,131.6263647,0,516.3678971,2024Q1
115,17-03-2024,North,26.34121328,59.91298226,46.60722283,145.9589181,0,526.1288299,2024Q1
116,24-03-2024,North,27.75126727,72.63934986,33.13451878,145.1799321,0,522.8326337,2024Q1
117,31-03-2024,North,8.716271742,90.24556941,53.40765316,149.0839082,0,469.0480497,2024Q1
118,7/4/2024,North,27.60273869,64.08126523,26.91237435,147.9372414,0,564.5632772,2024Q2
119,14-04-2024,North,33.64812817,61.54350337,-11.65468781,123.0928328,0,501.9148722,2024Q2
120,21-04-2024,North,20.76812847,67.24095767,69.6260707,143.1301931,0,538.8831195,2024Q2
121,28-04-2024,North,4.779735051,58.44216684,46.37397438,177.0664637,0,477.7734433,2024Q2
122,5/5/2024,North,26.73953483,72.58837644,92.56299419,161.4213098,1,563.9638664,2024Q2
123,12/5/2024,North,20.43098034,44.60100738,39.47444978,133.659553,0,476.9062213,2024Q2
124,19-05-2024,North,22.31223348,83.05014861,67.1789009,158.8899187,0,560.0519814,2024Q2
125,26-05-2024,North,16.447939,65.06003503,53.74412672,136.1458847,0,512.8233296,2024Q2
126,2/6/2024,North,26.64801256,64.58518781,47.54658517,145.6640095,0,530.4098223,2024Q2
127,9/6/2024,North,22.33550472,69.03560969,26.6919177,165.377627,0,526.246883,2024Q2
128,16-06-2024,North,10.49156596,62.9584163,32.37881348,165.7644515,0,490.8969054,2024Q2
129,23-06-2024,North,24.35959882,84.25267719,61.99681493,174.7268913,0,560.3453257,2024Q2
130,30-06-2024,North,18.95912503,59.81137125,86.21900533,146.8367553,0,509.6473179,2024Q2
131,7/7/2024,North,15.47653447,83.67064294,30.4637167,158.6024046,0,493.815268,2024Q3
132,14-07-2024,North,28.30324728,73.85707195,75.68479418,144.6328848,0,556.5911875,2024Q3
133,21-07-2024,North,19.1712147,66.62491145,70.60579454,150.8909229,0,525.925404,2024Q3
134,28-07-2024,North,19.10612905,78.32717933,10.25703147,139.3565863,0,508.9889042,2024Q3
135,4/8/2024,North,18.03568789,75.61877664,23.34278585,110.687585,0,483.6857336,2024Q3
136,11/8/2024,North,31.58484863,59.43581304,24.47495967,169.1565769,0,532.0980967,2024Q3
137,18-08-2024,North,15.38771105,79.95605821,62.71772173,139.4924656,1,516.361032,2024Q3
138,25-08-2024,North,24.84134477,89.29222683,57.86622492,170.1731586,0,580.7269401,2024Q3
139,1/9/2024,North,27.20049841,72.17406122,33.49577939,144.338353,1,530.5425542,2024Q3
140,8/9/2024,North,11.24302568,100,25.9910352,149.7762962,0,505.5228389,2024Q3
141,15-09-2024,North,18.92174299,90.35285161,33.10183635,172.1462938,0,496.3638507,2024Q3
142,22-09-2024,North,11.08151711,91.21060692,22.95741627,191.3249618,1,487.822681,2024Q3
143,29-09-2024,North,29.08724395,91.66259618,1.909758563,148.8445659,0,568.4158862,2024Q3
144,6/10/2024,North,21.01707368,95.70360986,60.27565124,156.9630172,0,552.0207348,2024Q4
145,13-10-2024,North,19.86082873,79.61355774,36.8523144,146.8130826,0,511.407208,2024Q4
146,20-10-2024,North,15.25603696,47.18132688,35.323491,120.6873377,0,438.533655,2024Q4
147,27-10-2024,North,17.90182996,76.81845223,56.02620516,125.7447497,1,521.3899603,2024Q4
148,3/11/2024,North,13.3257858,65.8731402,53.03173882,120.5550077,1,489.5153312,2024Q4
149,10/11/2024,North,26.49668444,68.54350649,43.60127025,160.0645684,0,534.4637244,2024Q4
150,17-11-2024,North,19.10251932,62.48290049,52.74004329,149.4123056,0,511.2702231,2024Q4
151,24-11-2024,North,9.501141621,79.4716944,93.39619602,160.0451189,0,486.490684,2024Q4
152,1/12/2024,North,35.64972281,60.01092276,0.4394243,116.9177784,0,482.5808696,2024Q4
153,8/12/2024,North,19.78334546,77.60101994,42.43969216,133.6979115,0,527.63447,2024Q4
154,15-12-2024,North,20.31914515,60.53511805,65.75673873,143.957325,0,521.2612257,2024Q4
155,22-12-2024,North,34.11821281,76.14120127,61.5540986,166.9062711,0,553.4319541,2024Q4
156,29-12-2024,North,18.13633727,65.97045912,26.62207469,127.1719292,1,500.5250437,2024Q4
157,2/1/2022,South,26.85241726,67.4932288,52.93427373,162.4311036,0,616.3936337,2022Q1
158,9/1/2022,South,32.09126277,76.00618044,46.69109385,147.3925303,0,632.1012353,2022Q1
159,16-01-2022,South,30.23218274,49.60215789,67.31822796,147.9469873,0,652.602961,2022Q1
160,23-01-2022,South,31.33290273,63.97930364,64.30649597,145.5702618,0,635.380262,2022Q1
161,30-01-2022,South,30.93304562,63.30349578,58.52903158,159.4620305,0,616.735655,2022Q1
162,6/2/2022,South,20.9502055,84.47522442,46.07801011,153.3702547,1,614.5554987,2022Q1
163,13-02-2022,South,31.88605938,93.48286044,55.31622136,149.4766816,0,675.6786735,2022Q1
164,20-02-2022,South,23.85065311,67.33389518,70.45783418,162.5681479,0,628.4975104,2022Q1
165,27-02-2022,South,27.17960685,50.79543402,75.67898522,150.2865317,0,615.5344912,2022Q1
166,6/3/2022,South,23.8637011,94.9020543,76.81233103,159.7149858,0,628.6408476,2022Q1
167,13-03-2022,South,37.21882302,68.76773232,81.69607906,155.8639622,0,629.6498199,2022Q1
168,20-03-2022,South,32.29964513,79.11271491,40.82204262,152.5694524,0,634.8703931,2022Q1
169,27-03-2022,South,33.54501879,68.65396459,88.72943305,141.9269844,0,655.8845439,2022Q1
170,3/4/2022,South,26.29583796,69.78566453,28.17190705,148.9977296,0,607.9737309,2022Q2
171,10/4/2022,South,20.55229635,63.21540521,11.44950221,110.1390607,0,579.1398141,2022Q2
172,17-04-2022,South,31.86065696,77.18308246,59.22587863,141.8716462,0,631.8140437,2022Q2
173,24-04-2022,South,24.20817655,92.55097453,76.89740824,158.3405063,0,646.3080725,2022Q2
174,1/5/2022,South,25.61840666,70.5649035,53.47083762,144.6845426,0,603.6663652,2022Q2
175,8/5/2022,South,28.59449854,96.9652979,71.04669588,154.1243033,0,667.3206361,2022Q2
176,15-05-2022,South,31.37755281,58.02182027,93.72470996,153.1247381,1,652.3924781,2022Q2
177,22-05-2022,South,33.17585901,85.74329073,45.92652235,171.8178608,0,648.7179367,2022Q2
178,29-05-2022,South,32.00671814,100,48.29021513,162.726284,0,647.0587821,2022Q2
179,5/6/2022,South,27.58057083,65.19479038,63.13055065,153.0660376,0,618.7642287,2022Q2
180,12/6/2022,South,44.82505176,68.5505664,34.88178072,152.5515257,1,589.6756471,2022Q2
181,19-06-2022,South,30.60015663,79.20276959,31.93730534,142.1281978,1,609.1782752,2022Q2
182,26-06-2022,South,34.66439542,83.09737823,13.91873624,130.8084252,0,612.4313271,2022Q2
183,3/7/2022,South,35.23549151,95.25891537,40.82231474,171.9741331,1,650.1567917,2022Q3
184,10/7/2022,South,21.8352386,61.40847363,64.80459803,146.3542755,0,626.3991171,2022Q3
185,17-07-2022,South,36.90045677,60.61655948,55.52291403,148.8233153,0,609.7705156,2022Q3
186,24-07-2022,South,31.61900064,65.62765032,13.44412693,134.7463078,1,622.626991,2022Q3
187,31-07-2022,South,15.7572869,87.23148551,10.5584927,140.2908272,1,575.5749621,2022Q3
188,7/8/2022,South,34.03646562,51.31350911,66.47376154,128.3303239,0,599.3448921,2022Q3
189,14-08-2022,South,32.38520414,71.15232837,17.70892893,154.0619523,0,611.7035563,2022Q3
190,21-08-2022,South,33.24462105,49.12005494,25.7471427,137.5194223,0,588.221509,2022Q3
191,28-08-2022,South,40.38373992,75.72903178,50.37099428,163.3929666,0,616.8216246,2022Q3
192,4/9/2022,South,28.3655961,61.73577828,42.11314211,128.9773658,1,624.5976376,2022Q3
193,11/9/2022,South,29.5964171,71.17952785,0.685823883,149.4718438,0,622.8718698,2022Q3
194,18-09-2022,South,19.49540569,100,22.86790654,160.6244317,0,639.2815471,2022Q3
195,25-09-2022,South,24.80047036,79.19160858,19.0046,134.0401899,1,641.1866432,2022Q3
196,2/10/2022,South,32.73607969,56.24260292,39.38224729,166.0488599,0,621.6414331,2022Q4
197,9/10/2022,South,35.25327198,86.58288899,63.81351737,165.6351013,0,625.3230274,2022Q4
198,16-10-2022,South,26.14185839,74.4494248,60.39343329,145.5176984,0,650.0676632,2022Q4
199,23-10-2022,South,32.26767151,66.33765047,59.93158094,162.9971988,1,619.3310623,2022Q4
200,30-10-2022,South,33.60733137,79.53095398,66.94057031,149.2325922,0,631.9051589,2022Q4
201,6/11/2022,South,30.07789524,53.5558737,12.96914369,153.2893415,0,597.4420069,2022Q4
202,13-11-2022,South,22.23636466,65.44696022,16.65198605,127.0392679,0,609.2121193,2022Q4
203,20-11-2022,South,35.04908545,59.67774482,88.41748952,162.2488526,0,622.3721419,2022Q4
204,27-11-2022,South,27.72877862,69.70096907,21.18446803,116.0954404,0,615.6887282,2022Q4
205,4/12/2022,South,42.19876203,90.76409228,56.63095068,165.6295514,1,640.620282,2022Q4
206,11/12/2022,South,28.73657156,75.88126795,42.67601737,154.7719366,0,608.7091503,2022Q4
207,18-12-2022,South,29.50830187,55.17113339,25.53505701,135.3909904,0,625.8978589,2022Q4
208,25-12-2022,South,37.57258781,81.59624784,36.72816189,124.3415806,0,610.9992552,2022Q4
209,1/1/2023,South,25.15827773,71.58063259,23.3194901,131.4336997,0,607.2487651,2023Q1
210,8/1/2023,South,36.98707352,68.8728375,39.6261017,143.316965,0,606.517825,2023Q1
211,15-01-2023,South,32.71649015,70.73290105,53.20499047,135.4775733,0,609.1936204,2023Q1
212,22-01-2023,South,35.74709864,65.48643971,48.0395844,153.6217765,0,602.5945105,2023Q1
213,29-01-2023,South,34.47462188,65.57575483,79.60207317,138.6059327,0,623.4052389,2023Q1
214,5/2/2023,South,41.11347815,51.43268584,66.16790241,127.9262672,1,580.8399037,2023Q1
215,12/2/2023,South,29.3508965,70.65717208,53.69118655,160.5250101,0,671.1061332,2023Q1
216,19-02-2023,South,37.29746802,44.72033592,63.77277736,135.0834665,0,575.5023126,2023Q1
217,26-02-2023,South,38.19558403,95.16551221,47.15807382,165.5491171,0,659.8935877,2023Q1
218,5/3/2023,South,24.49610359,59.33052063,47.12327867,136.1268877,0,603.6599434,2023Q1
219,12/3/2023,South,22.22052177,74.96320348,76.02074166,122.7797154,0,613.4390569,2023Q1
220,19-03-2023,South,33.4749895,99.19814256,54.49944694,186.4014683,0,673.8590175,2023Q1
221,26-03-2023,South,30.38002696,78.08133989,41.51361688,149.8838057,0,614.5152615,2023Q1
222,2/4/2023,South,37.91732513,65.39829411,86.28018949,131.7370326,0,590.9345416,2023Q2
223,9/4/2023,South,28.41795775,88.1964655,62.76142701,191.4404613,0,673.259472,2023Q2
224,16-04-2023,South,27.36265338,75.42514878,69.7841391,160.4053416,0,628.7761498,2023Q2
225,23-04-2023,South,23.34383523,42.4569194,69.50998897,118.5799584,0,548.8466582,2023Q2
226,30-04-2023,South,34.18161861,70.46900316,63.88067307,147.9873786,1,630.2156783,2023Q2
227,7/5/2023,South,29.50555173,83.78614724,52.42434778,156.3888279,0,651.2927584,2023Q2
228,14-05-2023,South,27.4643847,66.45467894,33.72685131,134.6774689,0,610.4364044,2023Q2
229,21-05-2023,South,29.95440502,86.28843349,66.12519124,155.9938506,0,665.994939,2023Q2
230,28-05-2023,South,26.74793483,77.94539699,5.166274795,140.9653053,0,602.4899741,2023Q2
231,4/6/2023,South,29.06514349,70.84974887,65.24108681,147.4156101,0,641.4528853,2023Q2
232,11/6/2023,South,15.55864397,74.39903971,59.21203724,137.1426989,0,612.4913868,2023Q2
233,18-06-2023,South,36.09380926,66.79835694,82.20767938,152.0707262,1,622.7986351,2023Q2
234,25-06-2023,South,27.18175486,63.83603266,43.86088248,130.0888415,0,601.9941239,2023Q2
235,2/7/2023,South,30.85208111,72.40860972,50.0609204,152.7705615,0,651.6338954,2023Q3
236,9/7/2023,South,32.49763493,100,27.9151764,152.448628,1,628.6027817,2023Q3
237,16-07-2023,South,28.87617299,52.44830461,11.56723461,136.6595401,0,608.7744305,2023Q3
238,23-07-2023,South,29.85054763,67.38529442,38.622655,141.1892813,0,614.4476488,2023Q3
239,30-07-2023,South,31.95902003,47.81632647,49.01996668,133.4825088,0,609.512618,2023Q3
240,6/8/2023,South,20.19920996,100,20.45815343,153.490303,0,617.8860365,2023Q3
241,13-08-2023,South,38.5585424,49.42148286,11.09754546,148.9978054,1,580.5498703,2023Q3
242,20-08-2023,South,35.71163227,53.18766452,10.53216279,122.5994186,1,614.2342161,2023Q3
243,27-08-2023,South,26.97142538,81.13143058,47.75601295,169.6430372,0,665.3904111,2023Q3
244,3/9/2023,South,24.0435493,70.94028095,42.91837369,169.8857443,0,618.2214337,2023Q3
245,10/9/2023,South,30.92340153,49.79310566,21.2175568,147.1462728,0,594.1492692,2023Q3
246,17-09-2023,South,27.74295171,63.45919769,45.94145235,130.3000992,0,624.8694139,2023Q3
247,24-09-2023,South,26.21602456,48.67284,70.0995843,133.5161393,0,598.6117954,2023Q3
248,1/10/2023,South,33.20843719,88.36940631,28.33284056,150.4301504,1,627.1323674,2023Q4
249,8/10/2023,South,34.63920064,70.85519687,45.44475684,167.4435762,1,639.7393071,2023Q4
250,15-10-2023,South,25.73131733,75.38814101,51.42699864,144.8239179,0,606.6723854,2023Q4
251,22-10-2023,South,20.16821705,100,18.58567026,150.3983297,1,619.1273176,2023Q4
252,29-10-2023,South,23.2972341,83.6950033,47.22796316,155.2815715,1,628.1500539,2023Q4
253,5/11/2023,South,31.41289975,66.26963311,73.91707286,155.2828554,0,646.6167236,2023Q4
254,12/11/2023,South,24.80599086,77.54350607,49.04038594,149.0345051,1,633.677465,2023Q4
255,19-11-2023,South,26.74321553,62.07074977,55.09605379,160.6288317,0,624.0485521,2023Q4
256,26-11-2023,South,41.50205043,86.13149595,6.335824774,145.5093539,0,607.3545942,2023Q4
257,3/12/2023,South,31.90579192,89.34629131,58.8163953,154.359585,0,629.2198948,2023Q4
258,10/12/2023,South,34.14227258,56.09930346,72.21360061,136.1501924,0,634.240369,2023Q4
259,17-12-2023,South,31.97335765,52.06175407,56.49889672,155.2801287,0,608.1723201,2023Q4
260,24-12-2023,South,22.75071717,53.40537728,39.71084203,122.3396997,1,611.9640136,2023Q4
261,31-12-2023,South,28.00181907,73.37027089,68.65181664,129.1400128,0,598.4550931,2023Q4
262,7/1/2024,South,35.83274295,61.40503293,54.82769701,129.1316238,0,591.1762045,2024Q1
263,14-01-2024,South,30.92275652,93.13164929,92.51501441,195.9913812,0,702.6127383,2024Q1
264,21-01-2024,South,26.87605227,82.41775144,53.40519289,171.5760436,0,642.8191683,2024Q1
265,28-01-2024,South,27.73385975,80.44581171,73.75333589,156.2996763,0,666.9970188,2024Q1
266,4/2/2024,South,27.84102106,56.70936319,38.81543538,134.0891252,0,627.2814931,2024Q1
267,11/2/2024,South,33.15405842,54.63719764,93.71307791,164.3767198,0,640.2813317,2024Q1
268,18-02-2024,South,35.73704665,65.43664178,81.45793492,119.9494731,0,599.2175492,2024Q1
269,25-02-2024,South,24.40191283,72.1132937,22.86105135,145.4763728,0,605.2788365,2024Q1
270,3/3/2024,South,35.16481974,67.07582187,51.47795566,149.8600713,1,602.9908681,2024Q1
271,10/3/2024,South,15.63868893,69.58727642,94.79519436,178.6715653,0,610.5037851,2024Q1
272,17-03-2024,South,31.77389241,53.53206462,67.61560742,131.6875865,0,609.1301388,2024Q1
273,24-03-2024,South,28.98163125,56.8302612,43.38948166,133.6958436,0,614.7843516,2024Q1
274,31-03-2024,South,28.48084576,93.52157192,49.47843936,156.4461808,0,613.9628131,2024Q1
275,7/4/2024,South,34.42022698,81.05265846,54.3005376,152.3912975,1,643.8063441,2024Q2
276,14-04-2024,South,29.45225354,60.93981588,77.40155397,132.1625167,1,640.324308,2024Q2
277,21-04-2024,South,23.72855288,74.40336898,32.21852633,150.6418395,0,612.1602093,2024Q2
278,28-04-2024,South,25.95790088,65.27102734,50.31941792,134.5718724,0,612.4808241,2024Q2
279,5/5/2024,South,35.74318675,54.76267272,59.46343566,145.706271,0,614.6693282,2024Q2
280,12/5/2024,South,31.89741029,97.17257219,55.83215178,147.3174627,0,656.0026008,2024Q2
281,19-05-2024,South,34.51967421,34.55601347,36.43661249,133.8526431,0,609.8055255,2024Q2
282,26-05-2024,South,36.98613211,70.85519705,42.73583471,143.0915383,0,597.4028182,2024Q2
283,2/6/2024,South,26.00403997,62.75884717,35.58065956,140.3356102,0,630.4313775,2024Q2
284,9/6/2024,South,28.19763298,77.67123251,59.89548757,150.3359364,0,650.113146,2024Q2
285,16-06-2024,South,29.61081401,67.2928013,116.255308,161.3787559,1,648.9557877,2024Q2
286,23-06-2024,South,36.54736448,61.47786505,14.58999783,136.6667092,0,617.3500192,2024Q2
287,30-06-2024,South,35.40024033,63.29017157,75.62032723,147.7869839,0,630.8026115,2024Q2
288,7/7/2024,South,34.91286732,79.84541305,65.47077998,146.6005272,1,629.0575961,2024Q3
289,14-07-2024,South,27.98175768,55.67316131,56.07882467,169.9902194,0,611.2895655,2024Q3
290,21-07-2024,South,30.95760482,73.61857206,56.87985694,148.2724158,0,618.2863053,2024Q3
291,28-07-2024,South,32.14153549,67.19283602,65.06736819,164.4206824,0,674.9036687,2024Q3
292,4/8/2024,South,25.97314086,78.94663509,49.73884331,153.98398,0,614.8922352,2024Q3
293,11/8/2024,South,35.69939281,89.75672601,41.00740288,121.2520201,0,605.5181035,2024Q3
294,18-08-2024,South,27.50818804,84.89032808,53.43123601,140.5331978,1,635.1488148,2024Q3
295,25-08-2024,South,28.16587794,64.12362776,23.32195765,160.9568408,0,615.4367367,2024Q3
296,1/9/2024,South,22.40775528,88.65779399,39.08497572,170.5228774,1,623.5809045,2024Q3
297,8/9/2024,South,31.62179641,52.31440313,64.40342534,132.0686272,0,612.3588693,2024Q3
298,15-09-2024,South,27.98966628,77.86397016,30.10667702,156.6162891,0,632.4960163,2024Q3
299,22-09-2024,South,39.694645,54.99503013,26.51801185,140.5097352,1,587.816087,2024Q3
300,29-09-2024,South,33.61805294,80.01191172,15.75820216,155.6710863,1,637.8069799,2024Q3
301,6/10/2024,South,39.49940967,68.0104938,20.58232517,154.727922,0,594.6431071,2024Q4
302,13-10-2024,South,31.26468407,69.04830904,36.53989942,127.6936535,0,618.2330966,2024Q4
303,20-10-2024,South,30.9524984,80.64177726,31.94011016,154.4054976,0,631.5475083,2024Q4
304,27-10-2024,South,34.44331377,62.09866851,54.33305147,136.1187938,0,613.2176155,2024Q4
305,3/11/2024,South,39.19091838,66.64801026,34.78382542,139.9894761,0,588.627842,2024Q4
306,10/11/2024,South,21.96811497,81.68851051,63.51710444,140.5884078,0,631.8591025,2024Q4
307,17-11-2024,South,38.55306686,68.43326172,39.99233895,143.2658811,0,617.1462256,2024Q4
308,24-11-2024,South,31.73765188,87.45263152,49.62246308,163.2797664,1,656.1194959,2024Q4
309,1/12/2024,South,35.00523046,29.45151561,58.91027467,116.6966775,0,544.1074488,2024Q4
310,8/12/2024,South,34.42901569,73.45014286,88.55799915,137.7408549,0,652.5103623,2024Q4
311,15-12-2024,South,33.71063746,71.13150458,15.56752712,134.9883204,0,592.2890107,2024Q4
312,22-12-2024,South,32.1211713,72.15008751,78.37621267,160.9174411,0,632.9884,2024Q4
313,29-12-2024,South,30.97303728,58.86294121,23.59954978,124.9748442,0,600.1829762,2024Q4
314,2/1/2022,East,36.07510154,62.4008424,-0.348662048,109.3815861,0,492.7215975,2022Q1
315,9/1/2022,East,36.54602509,74.46881598,56.9800147,143.9821798,0,494.1082134,2022Q1
316,16-01-2022,East,16.55354292,49.85643403,40.77760087,145.8894329,1,497.2973666,2022Q1
317,23-01-2022,East,20.60457297,63.46254489,54.93193008,138.3145758,0,501.9176353,2022Q1
318,30-01-2022,East,30.36397639,59.35974568,61.52412818,153.5181589,0,515.6394248,2022Q1
319,6/2/2022,East,27.20455254,80.31794991,64.07395792,147.3188392,0,549.3863212,2022Q1
320,13-02-2022,East,24.1155082,86.28390515,60.49914225,142.9625308,0,529.9264622,2022Q1
321,20-02-2022,East,26.00518174,87.0172078,41.2370075,178.4871802,0,535.2662335,2022Q1
322,27-02-2022,East,21.62652194,83.70392188,35.41425049,149.0368575,0,514.4665787,2022Q1
323,6/3/2022,East,17.77858085,89.97218211,74.09063582,179.035702,1,545.8115707,2022Q1
324,13-03-2022,East,23.91138849,83.7631781,10.30202396,167.3115266,0,539.4648895,2022Q1
325,20-03-2022,East,18.62897426,61.44781181,72.07910843,165.1768126,0,509.1447956,2022Q1
326,27-03-2022,East,27.33559443,64.96906416,45.1544725,138.9946006,0,522.9611124,2022Q1
327,3/4/2022,East,27.35835808,61.57171505,33.42789561,170.333814,0,507.8497817,2022Q2
328,10/4/2022,East,19.45210535,64.81585728,87.86867876,196.2889916,0,530.6508462,2022Q2
329,17-04-2022,East,20.90587881,73.41479924,17.39101826,159.2902083,0,500.8378672,2022Q2
330,24-04-2022,East,28.55486312,71.6675824,89.64290056,184.2975461,0,547.3190829,2022Q2
331,1/5/2022,East,20.68373099,68.28568067,55.70861175,143.0566494,0,517.9664878,2022Q2
332,8/5/2022,East,14.1326258,63.34572543,36.30737816,138.3944072,1,459.1075251,2022Q2
333,15-05-2022,East,9.827843976,30.64317647,33.07170649,122.1507784,0,429.3377916,2022Q2
334,22-05-2022,East,12.47314788,74.9475993,109.2897153,132.2476606,0,508.1354862,2022Q2
335,29-05-2022,East,16.56459509,85.93351496,46.33196059,139.3322368,0,512.3589215,2022Q2
336,5/6/2022,East,12.19720247,81.19389561,58.06386969,171.1128328,0,511.3883008,2022Q2
337,12/6/2022,East,17.49462237,79.46584777,40.46444867,134.2945196,0,513.2527837,2022Q2
338,19-06-2022,East,18.67138236,91.60110275,38.51579023,160.3282878,1,535.8703135,2022Q2
339,26-06-2022,East,21.89995046,73.86943242,30.81413417,117.7691083,0,512.0565921,2022Q2
340,3/7/2022,East,15.25029465,71.13508441,42.76709445,173.6394452,0,490.6683309,2022Q3
341,10/7/2022,East,20.20213006,69.21970467,81.62517217,149.6808697,0,488.442818,2022Q3
342,17-07-2022,East,7.295888689,99.04583954,62.44850275,164.8239185,0,512.3167184,2022Q3
343,24-07-2022,East,22.14856395,37.00583922,12.20516198,143.7067536,1,503.9952316,2022Q3
344,31-07-2022,East,21.14142747,69.88406167,17.65983587,152.920333,0,486.5554442,2022Q3
345,7/8/2022,East,14.05056318,80.84044014,27.07230507,179.4308267,0,513.5622056,2022Q3
346,14-08-2022,East,16.30204719,85.21157397,47.60159297,178.0147221,0,540.5022314,2022Q3
347,21-08-2022,East,9.923051626,72.7087481,45.41966685,136.1497604,0,476.3337161,2022Q3
348,28-08-2022,East,13.28120402,84.62576643,51.17660755,124.7106382,0,513.1292865,2022Q3
349,4/9/2022,East,24.70442363,75.85919767,57.00409855,147.2837066,0,503.2762033,2022Q3
350,11/9/2022,East,26.8691989,88.53567609,49.17975395,149.0181093,0,530.8650069,2022Q3
351,18-09-2022,East,16.70419716,87.25444039,45.88743505,130.6447866,0,504.8711809,2022Q3
352,25-09-2022,East,17.15476445,49.25699534,26.0387593,138.5900766,0,467.9248066,2022Q3
353,2/10/2022,East,27.62884876,73.28847502,65.78539725,156.180853,0,574.6244671,2022Q4
354,9/10/2022,East,14.63109373,54.48848216,50.54833346,111.2812007,0,463.6836813,2022Q4
355,16-10-2022,East,22.99219147,53.1540916,33.80608545,118.8738433,0,497.1168183,2022Q4
356,23-10-2022,East,24.94772201,83.95384234,58.34970529,156.7829007,0,508.8012885,2022Q4
357,30-10-2022,East,16.99663651,72.77351225,20.08613818,143.5187238,1,509.893031,2022Q4
358,6/11/2022,East,19.21352276,79.6187559,53.83588201,148.0320426,0,524.5735645,2022Q4
359,13-11-2022,East,20.77622635,76.92268608,60.58450669,144.3613728,1,512.0940751,2022Q4
360,20-11-2022,East,15.94044075,57.54617216,51.0138722,126.9162044,1,476.840467,2022Q4
361,27-11-2022,East,7.81251483,69.94738012,24.91927318,154.7037853,0,461.5923059,2022Q4
362,4/12/2022,East,22.01688366,57.49247225,39.62493081,141.5825189,0,521.0473689,2022Q4
363,11/12/2022,East,15.64860978,84.00675869,39.94669356,162.5553361,0,529.0160239,2022Q4
364,18-12-2022,East,24.71020351,67.53375339,55.05021699,135.9644529,1,521.7293851,2022Q4
365,25-12-2022,East,17.62059846,100,28.94746747,170.8207717,0,536.714374,2022Q4
366,1/1/2023,East,13.51926572,71.52035067,28.35265322,153.2589353,1,497.4586113,2023Q1
367,8/1/2023,East,25.69151542,57.11368086,75.11208916,139.7557606,0,523.8312068,2023Q1
368,15-01-2023,East,29.88313563,61.73633226,18.46957529,129.6340576,0,499.9491417,2023Q1
369,22-01-2023,East,20.95027716,47.12941825,26.47485175,124.945357,0,453.6528684,2023Q1
370,29-01-2023,East,28.70837727,57.64961193,67.22154894,123.8718844,0,544.5826561,2023Q1
371,5/2/2023,East,25.50418897,85.41516512,58.30268928,162.1660932,1,579.5725981,2023Q1
372,12/2/2023,East,9.133357769,81.83445033,47.19403469,144.3930848,1,490.9034303,2023Q1
373,19-02-2023,East,21.04952169,60.70098719,105.6326592,154.065937,0,515.7912453,2023Q1
374,26-02-2023,East,34.88504912,76.49465024,75.03003519,182.9770196,0,562.4753091,2023Q1
375,5/3/2023,East,13.93641136,82.49348993,63.89031439,147.1187086,0,515.501645,2023Q1
376,12/3/2023,East,20.14967548,75.66591493,81.8074415,161.9576024,1,552.1505436,2023Q1
377,19-03-2023,East,13.70830768,59.41861528,60.95573108,158.6181981,1,509.9648632,2023Q1
378,26-03-2023,East,9.00304651,69.76521908,57.91232383,138.3069963,0,460.8642535,2023Q1
379,2/4/2023,East,28.76549037,79.81981244,63.69305552,156.8745433,0,573.2225985,2023Q2
380,9/4/2023,East,36.02263243,46.64854981,58.77492947,151.9278507,1,497.2670039,2023Q2
381,16-04-2023,East,22.81975205,70.15262606,63.40826383,172.0065232,0,515.1265606,2023Q2
382,23-04-2023,East,19.79395688,100,70.2840689,162.3674563,0,540.3877083,2023Q2
383,30-04-2023,East,9.576997514,57.66352634,85.19373699,133.3210916,1,497.8288635,2023Q2
384,7/5/2023,East,19.35436057,76.02738781,66.38296373,159.2218082,0,516.7971165,2023Q2
385,14-05-2023,East,9.180449022,78.43474931,65.83037644,169.449043,0,502.0067059,2023Q2
386,21-05-2023,East,26.26204375,38.25004359,46.83222348,135.5205534,0,484.0832148,2023Q2
387,28-05-2023,East,25.32538749,61.64079549,26.54389008,188.5673426,0,507.5845478,2023Q2
388,4/6/2023,East,14.88248315,73.62904554,20.55329145,134.5870644,0,451.40527,2023Q2
389,11/6/2023,East,31.27120071,57.94041402,68.46781126,126.3819281,0,528.8963522,2023Q2
390,18-06-2023,East,23.44257432,95.53082731,15.90433891,139.5215928,1,525.0152021,2023Q2
391,25-06-2023,East,12.22543463,91.30385399,40.51105465,132.4735099,0,493.3141466,2023Q2
392,2/7/2023,East,25.22270691,45.62446046,51.84359019,128.432573,0,504.0944483,2023Q3
393,9/7/2023,East,17.44245906,56.44984771,47.01012414,151.1184743,0,500.3182902,2023Q3
394,16-07-2023,East,20.44225459,89.65577053,35.51701118,151.1991437,0,518.7981133,2023Q3
395,23-07-2023,East,24.66316246,95.03843132,95.14212379,156.8003182,0,560.9724273,2023Q3
396,30-07-2023,East,13.93505572,79.68423211,65.25240166,150.4547045,0,493.4486957,2023Q3
397,6/8/2023,East,13.23969809,82.17910493,71.07597295,177.545469,0,510.3418012,2023Q3
398,13-08-2023,East,14.02242204,56.14711912,36.19658703,122.9519943,1,445.6689892,2023Q3
399,20-08-2023,East,16.75045232,73.80791814,73.89358243,146.3802439,0,491.0833509,2023Q3
400,27-08-2023,East,20.93280064,43.76169935,57.27574927,112.4059936,0,480.3239735,2023Q3
401,3/9/2023,East,18.97560352,56.13254186,47.74877657,159.4666755,0,502.5680275,2023Q3
402,10/9/2023,East,11.5596651,67.28490792,35.16103703,143.9803851,0,466.7787283,2023Q3
403,17-09-2023,East,26.59566706,64.47662087,31.0959672,124.3265154,0,511.6705527,2023Q3
404,24-09-2023,East,25.16161195,87.11699097,72.75561113,125.9591079,0,551.3557191,2023Q3
405,1/10/2023,East,-3.70769633,81.9121009,35.59490797,151.915855,0,438.1944222,2023Q4
406,8/10/2023,East,20.37744298,100,46.20110836,186.8774073,0,523.7561006,2023Q4
407,15-10-2023,East,15.41537827,54.44573491,39.3264602,137.8956198,0,475.9973677,2023Q4
408,22-10-2023,East,9.575949183,85.22378474,40.77942726,171.0603954,0,503.0626941,2023Q4
409,29-10-2023,East,18.71766058,49.81772746,54.78662992,129.9814682,0,473.0961958,2023Q4
410,5/11/2023,East,11.41187126,63.48032365,55.29636254,140.7391217,0,477.9480024,2023Q4
411,12/11/2023,East,26.63685007,59.07182467,16.95372294,129.2389072,0,489.6600312,2023Q4
412,19-11-2023,East,21.15320651,69.39222475,57.38728773,159.0008704,0,527.7622299,2023Q4
413,26-11-2023,East,24.62995949,76.36709641,40.95748321,152.4487563,0,524.8601439,2023Q4
414,3/12/2023,East,22.7171918,70.58090531,18.5985798,142.6001306,0,504.9398506,2023Q4
415,10/12/2023,East,9.892772958,72.60514969,32.4272073,168.3726604,0,485.465581,2023Q4
416,17-12-2023,East,33.10223473,77.33883875,53.32063936,133.3327306,0,553.7125629,2023Q4
417,24-12-2023,East,15.6048175,56.7106853,46.97114853,168.4368317,0,504.0583449,2023Q4
418,31-12-2023,East,27.05357445,39.90804695,88.97341915,129.3709862,0,481.7477081,2023Q4
419,7/1/2024,East,21.18609282,67.9916661,31.06577733,120.7686342,1,502.2618805,2024Q1
420,14-01-2024,East,9.888378641,91.45519898,55.23427287,149.2612324,0,497.0734145,2024Q1
421,21-01-2024,East,25.05811951,81.36858094,82.72819202,144.7589369,0,549.9309483,2024Q1
422,28-01-2024,East,31.89742692,69.79425851,69.20820897,143.8964041,0,540.1089175,2024Q1
423,4/2/2024,East,22.08499266,70.81031089,82.61396392,155.8857237,0,504.7640477,2024Q1
424,11/2/2024,East,13.29604226,79.74942349,77.82083719,163.1258769,0,496.0001248,2024Q1
425,18-02-2024,East,6.857899803,76.9049481,30.49413052,118.7700368,0,471.7557522,2024Q1
426,25-02-2024,East,18.10565594,83.38884276,21.68035158,145.2083622,0,507.0906915,2024Q1
427,3/3/2024,East,2.580064167,84.66352048,43.79766487,130.4506593,0,450.7416135,2024Q1
428,10/3/2024,East,25.9737051,64.1675672,79.33675665,144.3949801,0,527.2211893,2024Q1
429,17-03-2024,East,28.90441288,52.69564015,61.98190732,132.7976641,0,536.8125822,2024Q1
430,24-03-2024,East,23.25908812,90.14311319,67.85968883,138.9355725,0,526.6198967,2024Q1
431,31-03-2024,East,19.78600886,59.78573386,41.96436827,149.3451103,0,494.0692291,2024Q1
432,7/4/2024,East,30.41408925,71.27921977,76.10494714,159.0575558,0,548.5795078,2024Q2
433,14-04-2024,East,25.45828847,45.65608629,66.7780355,132.1114282,1,508.3216956,2024Q2
434,21-04-2024,East,16.55075313,78.541214,70.57820342,162.4826679,0,495.7479105,2024Q2
435,28-04-2024,East,14.53621931,58.92196862,37.01364427,129.7432466,0,484.2187272,2024Q2
436,5/5/2024,East,21.99027115,73.26747819,48.0326679,115.1291333,0,463.7347069,2024Q2
437,12/5/2024,East,12.54010198,58.4947371,87.03874504,105.2391881,0,458.8967742,2024Q2
438,19-05-2024,East,20.68923972,86.81106167,43.10514249,166.4752341,0,514.8616954,2024Q2
439,26-05-2024,East,7.521066796,78.58912162,62.6544565,156.5285216,0,471.2735913,2024Q2
440,2/6/2024,East,18.21610713,64.93707571,36.6813568,132.1588569,0,472.6809728,2024Q2
441,9/6/2024,East,11.41962528,76.73034653,84.66703766,154.7135178,0,503.7365353,2024Q2
442,16-06-2024,East,22.66803633,81.86604553,82.18814879,149.6043523,0,542.9084358,2024Q2
443,23-06-2024,East,6.290909205,64.61730375,52.33793584,144.7735072,0,465.1760127,2024Q2
444,30-06-2024,East,19.28695624,80.86615707,50.20343803,156.4408479,0,529.0715974,2024Q2
445,7/7/2024,East,27.76151868,78.05973486,75.48163972,160.4091666,0,563.5396165,2024Q3
446,14-07-2024,East,18.16210637,75.46100543,60.31447053,155.1547226,0,528.2932527,2024Q3
447,21-07-2024,East,25.74531513,85.96171275,44.46634453,146.693228,0,530.5683516,2024Q3
448,28-07-2024,East,27.30933762,100,38.11757051,175.8533377,0,562.7377503,2024Q3
449,4/8/2024,East,18.61066439,56.54430354,30.85841563,134.0442852,0,470.5235564,2024Q3
450,11/8/2024,East,24.6455922,76.95499858,50.58235693,149.1059504,0,531.6182285,2024Q3
451,18-08-2024,East,20.0559783,68.99489287,31.08740809,142.9801124,0,493.9311152,2024Q3
452,25-08-2024,East,13.80430204,91.85617938,32.71892796,150.5232285,0,499.2272335,2024Q3
453,1/9/2024,East,24.55813022,74.73603848,47.25802435,168.5125441,0,513.0635275,2024Q3
454,8/9/2024,East,8.376621326,97.29459028,64.7808763,202.8550784,0,542.7217867,2024Q3
455,15-09-2024,East,25.41278025,57.9852881,70.41901627,124.6044161,0,527.666747,2024Q3
456,22-09-2024,East,16.58134125,59.65783263,14.83992914,162.6440387,0,487.30343,2024Q3
457,29-09-2024,East,28.13540552,58.10311982,61.21627373,165.9028182,0,524.3713187,2024Q3
458,6/10/2024,East,11.21264719,75.29690857,60.75141412,154.0789097,1,510.2788757,2024Q4
459,13-10-2024,East,26.02319234,100,68.71624148,161.2566803,0,545.0865773,2024Q4
460,20-10-2024,East,19.42830278,78.15069353,73.26319312,190.0248614,0,527.60167,2024Q4
461,27-10-2024,East,25.13792459,89.46132132,43.43237757,126.9433304,0,521.0765038,2024Q4
462,3/11/2024,East,24.29817953,77.92589218,48.76796374,148.2987055,0,537.1045818,2024Q4
463,10/11/2024,East,25.71437409,63.84047962,32.36721888,112.8942878,0,492.4819392,2024Q4
464,17-11-2024,East,26.86065475,75.33834066,36.25896119,166.2287827,0,562.7441141,2024Q4
465,24-11-2024,East,20.72658027,98.45107273,29.85703992,158.7061561,1,530.5106125,2024Q4
466,1/12/2024,East,37.14621859,52.35545115,23.82350667,113.5461102,1,478.5035512,2024Q4
467,8/12/2024,East,19.74184307,66.45645803,35.89327436,144.0007171,0,504.4214233,2024Q4
468,15-12-2024,East,20.24588669,53.3650496,12.57944423,106.2848562,0,465.2495021,2024Q4
469,22-12-2024,East,15.78119907,83.26363459,72.19065225,159.5761554,0,501.3201545,2024Q4
470,29-12-2024,East,17.79915792,84.37432645,77.79910734,135.1409058,0,476.0499729,2024Q4
471,2/1/2022,West,23.21104552,86.77686467,60.98631289,165.9628422,0,523.2925351,2022Q1
472,9/1/2022,West,39.77078717,62.41379944,30.02721506,159.4372938,1,463.3661842,2022Q1
473,16-01-2022,West,23.61613524,86.69419795,73.94618283,138.4610943,0,503.6326473,2022Q1
474,23-01-2022,West,36.15437257,95.27521418,64.80366607,147.401125,0,514.1876919,2022Q1
475,30-01-2022,West,32.36846568,77.84618506,81.26457533,167.873779,1,524.9843097,2022Q1
476,6/2/2022,West,30.21757334,78.37209272,5.089445913,135.7548237,0,455.6282756,2022Q1
477,13-02-2022,West,32.69399079,72.26665656,71.93675535,124.4346949,0,499.2233119,2022Q1
478,20-02-2022,West,29.63026217,63.22510786,61.38560716,132.5154443,1,493.1234155,2022Q1
479,27-02-2022,West,33.9958941,76.4318596,51.40768061,146.000429,0,489.7585042,2022Q1
480,6/3/2022,West,34.47677715,60.52633406,63.91786502,155.3519002,1,503.7294938,2022Q1
481,13-03-2022,West,29.39943178,67.26368504,49.65758715,148.7093651,1,499.8879537,2022Q1
482,20-03-2022,West,28.97070285,58.8013248,56.17393491,117.4061749,0,442.9752373,2022Q1
483,27-03-2022,West,27.68592157,60.80958031,80.96498989,131.373766,0,469.2640132,2022Q1
484,3/4/2022,West,26.15001967,50.55825004,50.87758345,138.176041,0,456.5568871,2022Q2
485,10/4/2022,West,31.66032625,83.21775015,52.32225762,123.3018326,0,485.6892516,2022Q2
486,17-04-2022,West,28.20185164,74.51661009,63.3861085,190.3310317,0,496.0045076,2022Q2
487,24-04-2022,West,33.90681111,57.30030627,58.85701681,112.1350527,1,455.9374151,2022Q2
488,1/5/2022,West,29.41617042,60.46663238,93.63158729,144.1409922,0,512.7238933,2022Q2
489,8/5/2022,West,33.40845345,63.78818248,74.34764323,165.1214179,1,501.722515,2022Q2
490,15-05-2022,West,28.60558303,82.67736957,56.50716381,131.5622698,0,443.820593,2022Q2
491,22-05-2022,West,22.65538268,63.63326945,77.34773135,143.1893457,0,488.4882307,2022Q2
492,29-05-2022,West,37.81444384,65.89010377,50.81296788,138.6100725,1,471.7469334,2022Q2
493,5/6/2022,West,23.72446125,64.73205697,108.3407165,135.5351394,0,492.1396649,2022Q2
494,12/6/2022,West,37.38467213,52.48330673,57.88156015,121.3584275,0,433.2465563,2022Q2
495,19-06-2022,West,26.42475909,76.6297901,43.78544711,152.7777062,1,491.2399768,2022Q2
496,26-06-2022,West,24.47568603,73.30812141,75.56454985,144.0690252,0,487.520029,2022Q2
497,3/7/2022,West,25.77550773,76.02340913,59.3663117,157.684953,0,479.1300625,2022Q3
498,10/7/2022,West,32.04303654,65.38287293,32.02291723,125.7958061,0,472.124739,2022Q3
499,17-07-2022,West,31.87608479,90.31028714,61.38466201,155.3050516,0,493.9296221,2022Q3
500,24-07-2022,West,29.84470534,56.35474875,27.72382363,123.7054458,0,462.7441118,2022Q3
501,31-07-2022,West,34.44993781,93.86528959,41.23739632,154.5089763,0,482.1589997,2022Q3
502,7/8/2022,West,27.36876072,90.82506667,36.6189163,158.4811514,0,495.0020887,2022Q3
503,14-08-2022,West,24.44998214,100,47.79860588,159.8789277,0,519.9299774,2022Q3
504,21-08-2022,West,19.5794353,95.87044975,36.76594213,159.5983469,0,461.966641,2022Q3
505,28-08-2022,West,28.49251318,73.73768008,23.90029666,129.4299775,0,467.1588758,2022Q3
506,4/9/2022,West,27.74993571,88.85723825,30.438738,155.893171,0,511.7250522,2022Q3
507,11/9/2022,West,24.40862923,81.14289219,42.92722558,139.557014,0,477.3035538,2022Q3
508,18-09-2022,West,30.4903377,89.43807673,25.91393407,161.0769049,0,514.973145,2022Q3
509,25-09-2022,West,30.97922624,80.42531043,10.82841647,124.7944317,1,498.2514984,2022Q3
510,2/10/2022,West,25.55379586,84.32950837,57.52093585,175.7590015,1,496.9359835,2022Q4
511,9/10/2022,West,23.60314752,68.37110544,24.08594219,126.700088,1,441.3114799,2022Q4
512,16-10-2022,West,33.20239898,67.14245341,46.77172239,125.7102003,0,469.1654092,2022Q4
513,23-10-2022,West,32.42439341,45.26449847,40.84744977,161.9363023,0,465.5767174,2022Q4
514,30-10-2022,West,32.33335491,92.81509341,22.16710933,177.0514165,0,507.3754512,2022Q4
515,6/11/2022,West,32.96963367,53.43383084,60.24957051,131.2327019,0,459.1380576,2022Q4
516,13-11-2022,West,36.11541534,66.11718399,49.56499189,134.4163199,0,464.6851908,2022Q4
517,20-11-2022,West,20.74684179,81.70514217,10.87281362,124.8916179,0,448.7372195,2022Q4
518,27-11-2022,West,34.55681361,71.58630687,69.59348609,137.017111,0,510.6264858,2022Q4
519,4/12/2022,West,34.04944661,66.74895228,62.5390441,152.8830285,0,493.0495541,2022Q4
520,11/12/2022,West,24.34898138,100,76.78183223,174.3881413,0,528.6256937,2022Q4
521,18-12-2022,West,40.40382952,43.83503921,59.25173291,132.7782469,0,443.7810194,2022Q4
522,25-12-2022,West,27.93197233,98.31531486,59.92569569,141.110573,0,481.9979876,2022Q4
523,1/1/2023,West,35.1432719,76.443445,58.66777231,117.4906289,0,466.1415949,2023Q1
524,8/1/2023,West,27.08200337,85.57568277,20.81844529,104.4691965,1,463.8531479,2023Q1
525,15-01-2023,West,23.49328237,77.26669908,61.62648254,139.0755125,0,445.7739719,2023Q1
526,22-01-2023,West,30.95211945,76.73828082,43.34991501,147.5557386,0,477.1072806,2023Q1
527,29-01-2023,West,28.43789104,72.40866024,55.71338013,173.1989862,0,513.040392,2023Q1
528,5/2/2023,West,25.18633717,66.9008308,67.88497086,149.382004,0,479.8893861,2023Q1
529,12/2/2023,West,26.84856778,37.22054729,79.50796111,140.5613717,0,469.8694746,2023Q1
530,19-02-2023,West,23.14163151,59.35838496,51.71413356,128.2657164,0,472.9188954,2023Q1
531,26-02-2023,West,36.43298685,67.51707773,44.64214726,137.0313058,1,465.3787739,2023Q1
532,5/3/2023,West,29.53306571,62.06001831,28.56515407,141.5669381,0,481.903445,2023Q1
533,12/3/2023,West,28.72034719,90.55614541,87.93931847,184.8327511,0,527.98031,2023Q1
534,19-03-2023,West,26.33483502,97.27092884,75.21252805,171.9735713,0,526.6499564,2023Q1
535,26-03-2023,West,36.27405972,66.51806022,83.21938855,160.8864254,0,485.600415,2023Q1
536,2/4/2023,West,29.71705756,88.28456185,20.97796272,150.4916925,0,496.9332067,2023Q2
537,9/4/2023,West,29.57195955,92.61450338,46.0840445,175.1442393,1,510.5225648,2023Q2
538,16-04-2023,West,29.35241377,78.69785928,45.57156681,161.2965779,1,510.4368055,2023Q2
539,23-04-2023,West,28.31810668,89.23545211,81.10495929,167.4912437,0,506.1417656,2023Q2
540,30-04-2023,West,32.25301706,41.95275491,35.61888338,123.8530707,0,470.8568866,2023Q2
541,7/5/2023,West,27.62005699,57.39293596,53.73492625,122.4534175,0,470.2870429,2023Q2
542,14-05-2023,West,32.45603833,64.6295593,54.69716347,154.3490096,0,488.1714032,2023Q2
543,21-05-2023,West,27.40012456,64.61851096,55.00077005,140.5731375,0,480.1481217,2023Q2
544,28-05-2023,West,29.55382923,69.43644033,21.0566214,161.3536179,1,469.19704,2023Q2
545,4/6/2023,West,31.70476345,54.70740696,73.33578739,138.3946164,0,490.5507341,2023Q2
546,11/6/2023,West,29.5045285,60.95769016,62.19130788,149.9677695,0,499.4559387,2023Q2
547,18-06-2023,West,27.25625433,40.21808469,40.19269709,138.3079746,0,442.5295143,2023Q2
548,25-06-2023,West,15.4650589,64.37766915,30.43449039,113.8065954,0,426.7134671,2023Q2
549,2/7/2023,West,24.06965384,79.12663104,64.28637872,149.8413722,0,486.1718437,2023Q3
550,9/7/2023,West,24.22818666,43.7225679,40.99615907,132.4313181,0,468.694063,2023Q3
551,16-07-2023,West,25.7024998,77.87785586,24.85070016,151.7599932,1,481.8611804,2023Q3
552,23-07-2023,West,24.98891491,58.71347144,17.11824732,125.259353,0,456.4504318,2023Q3
553,30-07-2023,West,34.86498273,64.3675917,68.99982516,153.2105165,0,472.7664097,2023Q3
554,6/8/2023,West,24.01605677,83.40546534,62.17842993,181.5827217,1,508.0133958,2023Q3
555,13-08-2023,West,20.87007879,50.28781218,78.7018832,113.3432029,0,430.3552929,2023Q3
556,20-08-2023,West,28.13840474,76.55969781,46.21840325,153.9052025,1,522.5248327,2023Q3
557,27-08-2023,West,31.47713643,79.95171594,27.2852307,154.2278987,0,487.8875906,2023Q3
558,3/9/2023,West,34.50199294,76.76837979,64.81531308,133.6766395,0,507.5405865,2023Q3
559,10/9/2023,West,34.58657581,44.19331585,77.20345723,151.3068644,0,457.9214933,2023Q3
560,17-09-2023,West,24.7492963,81.36242724,67.70130471,164.6495181,0,517.0662823,2023Q3
561,24-09-2023,West,31.6271843,65.70747045,-2.224414641,129.2735358,0,468.6561431,2023Q3
562,1/10/2023,West,24.64573791,98.67128631,14.39088858,155.0560182,0,497.0061774,2023Q4
563,8/10/2023,West,30.38572393,94.33289652,79.09575222,151.3893469,0,522.7400455,2023Q4
564,15-10-2023,West,21.65700371,85.88092795,36.83454708,161.8861757,0,469.7040869,2023Q4
565,22-10-2023,West,35.18323415,98.52338883,45.54622505,160.0400909,0,508.2394431,2023Q4
566,29-10-2023,West,31.8380992,72.2213413,23.52407301,130.1321738,0,491.5752078,2023Q4
567,5/11/2023,West,38.67415946,87.47548157,16.85828311,117.5593906,0,467.4258672,2023Q4
568,12/11/2023,West,31.15722961,79.69734307,38.20153977,134.3945631,0,482.2806093,2023Q4
569,19-11-2023,West,31.38361486,50.5373554,28.2116495,131.2838702,1,459.8776466,2023Q4
570,26-11-2023,West,30.39798931,78.31086657,27.08529113,145.0229637,0,512.3653998,2023Q4
571,3/12/2023,West,22.05590762,49.16637743,33.45069951,127.0300278,0,428.7649575,2023Q4
572,10/12/2023,West,37.09265673,32.68287015,71.99325885,135.8104391,0,431.105791,2023Q4
573,17-12-2023,West,21.83698627,88.08934027,70.44390825,146.2489759,0,483.2536086,2023Q4
574,24-12-2023,West,31.08312488,54.61370975,70.81106117,157.3896316,0,489.3779401,2023Q4
575,31-12-2023,West,35.41670219,81.17545844,78.7889143,149.452278,0,469.9813989,2023Q4
576,7/1/2024,West,28.19268617,76.24669057,50.12726982,133.4142455,0,473.5211651,2024Q1
577,14-01-2024,West,30.42642117,87.70736317,97.96119637,173.3063953,1,519.8720524,2024Q1
578,21-01-2024,West,29.9879808,61.16092522,31.70277622,149.4422877,0,494.6695901,2024Q1
579,28-01-2024,West,31.19414693,75.17613065,80.3772941,141.6312053,0,520.979574,2024Q1
580,4/2/2024,West,23.17087922,67.76546035,65.73633601,173.9754097,0,483.8209075,2024Q1
581,11/2/2024,West,29.22217153,81.49294014,76.83950311,174.4700258,0,504.5251109,2024Q1
582,18-02-2024,West,28.57807675,93.85873109,71.06373328,159.0871799,0,523.9543014,2024Q1
583,25-02-2024,West,25.10592877,68.67933296,64.99488841,144.6178631,0,473.6533357,2024Q1
584,3/3/2024,West,32.29084057,55.30418163,35.78791219,109.499508,0,448.6570043,2024Q1
585,10/3/2024,West,34.79978337,93.75215916,36.99458562,184.1674861,0,501.0950619,2024Q1
586,17-03-2024,West,32.00240693,71.96597779,58.16054896,129.6856922,0,455.905502,2024Q1
587,24-03-2024,West,37.45189735,57.49939662,52.69531713,122.5225169,0,444.3331222,2024Q1
588,31-03-2024,West,40.82528034,87.85822892,64.25148061,172.1842045,0,494.9513068,2024Q1
589,7/4/2024,West,36.95366244,71.8587614,44.09290173,141.683531,0,481.7544478,2024Q2
590,14-04-2024,West,29.63013568,68.86501594,99.16026171,133.4747412,0,517.5050351,2024Q2
591,21-04-2024,West,31.58573492,69.31208111,42.72474695,159.6283961,0,498.8266648,2024Q2
592,28-04-2024,West,30.97740866,68.51732198,67.57406805,109.7897833,0,478.8501745,2024Q2
593,5/5/2024,West,32.36331528,90.68743882,56.56223577,147.8075271,0,517.9966879,2024Q2
594,12/5/2024,West,39.95776651,57.51908043,46.48280182,135.8507192,0,443.4971413,2024Q2
595,19-05-2024,West,34.03722359,65.59891726,27.642832,143.2156378,0,487.3933488,2024Q2
596,26-05-2024,West,31.26284423,90.76798071,64.56461401,174.8167575,0,501.7796622,2024Q2
597,2/6/2024,West,38.73369469,70.77675777,66.1831082,128.4643311,0,471.0873177,2024Q2
598,9/6/2024,West,23.55846191,74.39073223,56.45647283,139.2748222,0,452.5966642,2024Q2
599,16-06-2024,West,30.66136395,61.11235652,57.09271414,123.7298336,0,471.7460208,2024Q2
600,23-06-2024,West,27.61177209,51.17296942,48.65227317,126.9078248,0,425.1767933,2024Q2
601,30-06-2024,West,28.3065433,67.03346433,53.78222433,133.3580917,0,480.5020924,2024Q2
602,7/7/2024,West,38.47861439,98.45933042,51.92850776,174.9683264,1,541.9494333,2024Q3
603,14-07-2024,West,32.98198535,62.68010026,64.02618104,119.5812126,0,470.9905887,2024Q3
604,21-07-2024,West,34.88907775,38.41529587,69.525758,153.9080405,0,423.2632859,2024Q3
605,28-07-2024,West,28.38281066,71.65584459,55.50118684,133.1892888,0,501.73253,2024Q3
606,4/8/2024,West,28.36491341,66.79814831,54.24333628,136.2179907,0,460.8552357,2024Q3
607,11/8/2024,West,43.22518395,56.53762655,17.12512387,139.2345614,1,429.0849655,2024Q3
608,18-08-2024,West,27.49107904,49.41301678,48.97438259,133.5863253,0,453.5277775,2024Q3
609,25-08-2024,West,35.3895087,61.6891706,73.75329503,163.6104657,1,495.3582245,2024Q3
610,1/9/2024,West,26.02221466,76.36590907,66.73581314,118.2778346,0,479.677909,2024Q3
611,8/9/2024,West,30.03105678,75.97673684,24.08188848,127.7888129,0,476.5519217,2024Q3
612,15-09-2024,West,27.09108983,52.39180053,36.33182725,164.4808608,0,492.4671872,2024Q3
613,22-09-2024,West,21.33727988,52.29574594,45.34384607,173.7652477,0,444.961039,2024Q3
614,29-09-2024,West,33.39473494,57.81396477,39.01941318,134.3054638,0,439.6046105,2024Q3
615,6/10/2024,West,32.1687461,79.22262096,75.64601379,164.5947199,0,523.2840137,2024Q4
616,13-10-2024,West,24.44209875,69.46261632,29.6614908,117.1457149,0,427.6565683,2024Q4
617,20-10-2024,West,30.59778462,69.97395215,36.09207794,157.114338,0,478.9475075,2024Q4
618,27-10-2024,West,33.20271468,71.84617302,38.88287869,124.2114168,0,483.4283035,2024Q4
619,3/11/2024,West,40.6028406,78.69128474,-8.446538687,137.0842334,0,446.8997029,2024Q4
620,10/11/2024,West,31.14537344,86.11477019,47.00168565,166.0179855,1,539.9471653,2024Q4
621,17-11-2024,West,27.8062704,72.16515201,59.90160413,139.4799858,0,476.0112149,2024Q4
622,24-11-2024,West,25.92312186,54.00647602,86.81478059,164.3362801,0,477.3106698,2024Q4
623,1/12/2024,West,31.00007426,47.66280373,47.23525364,122.4933526,1,441.1009301,2024Q4
624,8/12/2024,West,35.34189667,79.06181334,92.52672617,135.8445886,0,499.0992689,2024Q4
625,15-12-2024,West,30.99474848,79.74246047,40.32845549,143.7873833,0,500.5653219,2024Q4
626,22-12-2024,West,40.24906048,70.01024228,64.43723323,136.0290771,0,449.5055252,2024Q4
627,29-12-2024,West,21.53659192,78.39550709,53.75077569,165.0135582,0,474.4501408,2024Q4
